League,MSE
England,265.27368136046124
France,100.49178012144763
Germany,207.2213810671456
Italy,109.94971382870318
Spain,122.16890786669747
